,Title,Author,Format Year
0,Spanish Romance Stories for Language Learning,"Rowett, Mary","eAudiobook, 2026"
1,Welcome to Learning Spanish,Diana Trejos de Villegas,"eBook, 2026"
2,Learning Spanish-beginner I,"Iris Acevedo A.;Spanishonline, Costarica","eBook, 2025 — Spanish"
3,Real-World Spanish: The Conversation Learning System,Camila Vega Rivera,"eAudiobook, 2025"
4,100 Facts About Learning Spanish,Science-Based Language Learning Lab,"eAudiobook, 2024"
5,No Tears Spanish Grammar: Easy Learning: Essential Rules for Beginners,"Bennett, Olivia","eBook, 2024"
6,100 Facts About Learning Spanish,Science-Based Language Learning Lab,"eBook, 2024"
7,A Beginner's Guide to Learning Spanish,"Miller, Jackson","eAudiobook, 2024"
8,The Ultimate Learning Spanish Blueprint - 10 Essential Steps,"Ramirez, Andres","eAudiobook, 2024"
9,Learning Spanish for Adults Beginner,"World, Spain","eBook, 2023"
10,Learning to Read in English and Spanish Made Easy,"Navarijo, Susie G.","eBook, 2022"
11,Spanish for Beginners: A Comprehensive Guide for Learning the Spanish Language Fast,Language Equipped Travelers,"eBook, 2021"
12,Learn Spanish Like a Native for Beginners - Level 1: Learning Spanish in Your Car Has Never Been Eas,Learn Like a Native,"eBook, 2021"
13,Learn Spanish Like a Native for Beginners - Level 2: Learning Spanish in Your Car Has Never Been Eas,Learn Like a Native,"eBook, 2021"
14,"Spanish: Beginner's Step by Step Course to Quickly Learning the Spanish Language, Spanish Grammar &","Michaels, Steven J.","eBook, 2021"
15,I am learning Spanish,"Gardner, James M.","eAudiobook, 2018"
16,The Best Spanish Learning Games for Children,"Professor, Baby","eBook, 2017"
17,Easy Learning Spanish Vocabulary,"Dictionaries, Collins","eBook, 2016 — Spanish"
18,Spanish Easy Learning Complete Course,"Carmen García del Río;Fitzsimons, Ronan","eAudiobook, 2016"
19,Learning the Local Language: Your Guide to Real World Spanish,"Romey, Jared","eBook, 2013"
